{"cameraMode":{"drawMode":0,"name":"Shaded","section":"Shading Mode"},"sceneLighting":true,"audioPlay":false,"sceneViewState":{"m_AlwaysRefresh":false,"showFog":true,"showSkybox":true,"showFlares":true,"showImageEffects":true,"showParticleSystems":true,"showVisualEffectGraphs":true,"m_FxEnabled":true},"in2DMode":false,"pivot":{"x":2.4774160385131838,"y":3.170320510864258,"z":-3.072183609008789},"rotation":{"x":-0.01768774352967739,"y":0.9401854276657105,"z":0.049405306577682498,"w":0.33661872148513796},"size":5.332881927490234,"orthographic":false}